{
  "mainBanners": [
	  {
	    "title": "Luma Performance",
	    "image": "/assets/slide_02.jpg",
	    "link": "/c/women"
	  }
  ],
  "smallBanners": [
    {
      "title": "Eco-friendly",
      "image": "/assets/vuetique-small-banners-1.jpg",
      "link": "/c/hoodies-and-sweatshirts-women"
    },
    {
      "title": "Women's Wear",
      "image": "/assets/vuetique-small-banners-2.jpg",
      "link": "/c/women"
    },
    {
      "title": "New yoga collection",
      "image": "/assets/vuetique-small-banners-3.jpg",
      "link": "/c/pants-women"
    },
    {
      "title": "Coats + Jackets",
      "image": "/assets/vuetique-small-banners-4.jpg",
      "link": "/c/jackets-women"
    }
  ],
  "productBanners": [
	  {
	    "title": "Find your passion",
	    "image": "/assets/passion.jpg",
	    "link": "/c/men"
	  }
  ]
}
